Cmsf007k,5.091779079,4.509159192,6.984470388,3.22160563,5.111780209,1.556154887,0.800577727,1.837937148,1.91818588,3.264867422,2.151584879
Cmsf008k,4.88960437,4.642071108,7.253381036,3.68260935,5.281224712,1.830574771,0.938240185,2.035167776,2.335319237,3.084093729,2.038020949
Cmsf009k,5.017666447,5.26790092,8.031314139,4.289396454,5.577476938,1.973220292,0.853055189,2.33150638,2.386018089,3.539412911,2.374611698
Cmsf010k,5.346180424,5.424393817,7.66112826,3.919196027,5.677553213,1.876918068,1.075354001,2.231025854,2.237208937,3.441019932,2.663268023
Cmsm001k,5.199679086,5.918915042,8.211189769,4.516090884,6.132607093,2.175923827,1.164770284,2.089440738,2.251715383,4.182441369,2.660097766
Cmsm002k,5.211468703,5.801306697,8.050646295,5.137879458,6.462180035,2.411312779,1.335281328,2.085496784,2.384589974,3.81543611,2.510236214
Cmsm003k,5.623997346,5.405317037,7.882175311,4.839814615,5.993088134,1.993913347,0.892947093,2.292405604,2.358883844,3.864356504,2.856259766
Cmsm004k,5.260469239,5.556281601,8.414140743,4.910858525,6.306849349,2.292773267,1.202312358,2.115857992,2.250843873,4.654800516,3.142599334
Cmsm005k,5.094781009,5.461362182,7.775948082,4.420762849,5.788829665,2.087273195,0.999338548,2.147886546,2.289482836,3.908823506,2.587987588
Gbbf005k,8.83630087,12.11969422,14.81605284,11.06420395,12.62496729,2.053411718,2.813170815,3.937646292,3.938815909,10.67024256,5.699109377
Gbbf015k,8.630536582,12.13720132,16.28428805,10.29021007,13.30821087,2.408319596,3.582671996,4.019744423,3.990312884,11.54844128,5.134548429
Gbbf016k,8.798662547,12.56184344,16.55357416,11.21896783,13.06110859,2.392878019,3.284071412,4.127319056,3.877763442,10.2366876,5.710103583
Gbbf024k,9.768788476,11.66933506,16.14175536,10.20219763,12.22745097,2.523005676,3.217865204,3.7377556,4.098898143,9.154665195,5.268282671
Gbbf027k,9.905754423,12.07396824,16.41792962,11.50953439,13.44282624,3.292219482,3.893186574,4.456781863,3.710735873,9.615113335,5.059155397
Gbbf029k,8.670919668,11.62861835,15.69418071,10.48110031,11.93616949,2.89180941,3.217412251,4.015847666,3.905531492,10.25288066,5.141203729
Gbbm001k,10.78160075,13.44979377,18.22999294,13.03407685,14.77444107,2.938193838,3.732620804,4.372713325,4.094201258,12.99113774,6.837641767
Gbbm009k,11.02010706,13.30484232,17.0360108,13.28124618,14.76845862,3.167242388,3.687068085,4.12251186,4.192143487,12.157695,6.729936954
Gbbm010k,10.69498994,13.65805916,19.48626597,12.69263543,15.28414634,3.03983036,3.888916339,3.78166494,4.066429104,13.63423164,6.07333258
Gbbm012k,11.69205939,14.69487857,20.24119099,12.0604599,16.12128416,3.198791149,3.502958386,3.898269829,4.102996123,12.932986,6.369166412
Gbbm014k,10.84337688,14.38991066,19.22911872,12.67154218,14.13976311,2.951044837,3.62663481,4.072457539,4.359214357,13.40795294,5.552834377
Gbbm017k,14.82152787,15.21780983,20.85847685,14.06380771,16.69836702,3.462799727,3.476537,4.077404057,4.603838436,13.96744121,6.144106155
Gbbm018k,11.49373091,12.01354719,19.98774528,13.95438031,15.30999978,3.735193817,4.461430559,4.479300431,4.616731452,11.42624592,6.524547845
Gbbm023k,12.7191185,14.82023741,20.0433354,11.55235176,15.45769679,3.38994754,3.478175751,4.358564704,4.376135176,12.62631636,7.06813336
Gbbm026k,12.8370416,12.93686891,21.46496904,13.2897598,14.95629502,3.589910334,3.812070395,3.884051648,4.715631662,13.96169851,6.735728447
Gggf015k,9.465049139,11.95022644,14.41469674,10.23060104,12.24624785,2.691356054,3.152879935,3.940435569,4.14649968,9.053583476,5.501928785
Gggf025k,10.3487969,12.23002024,16.50463227,11.20359958,13.45101412,3.194363794,3.462531198,4.060087427,4.189639374,8.179400728,6.213500882
Gggf028k,9.41152611,10.65610231,15.39916442,10.70727197,12.27183979,3.18089431,3.421997411,3.869343686,3.953407658,9.471308278,4.4263473
Gggf038k,9.7978418,11.43310599,17.2518966,11.44708246,12.50714743,2.836366891,3.023114821,3.838589024,3.712499702,8.085664906,5.273718626
Gggf040k,9.887104298,12.02653306,15.01536248,10.67560409,12.71675449,2.718019514,2.944608908,3.901954314,4.468771693,7.529631022,5.221686755
Gggf047k,9.702067876,10.24728825,14.39446575,10.48517738,11.25143292,3.113624306,3.489858273,4.215286177,3.92061635,8.214179859,5.531512671
Gggf069k,9.954398658,10.42659559,16.58404243,10.63365915,13.19318448,2.72484559,2.891299906,3.853516853,3.589813385,9.729760328,5.31487416
Gggf070k,10.39751934,10.86811655,16.85994745,11.84175569,12.40778601,2.937162234,3.019530997,4.150613294,4.244465225,8.684372757,5.358897629
Gggf086k,9.819399078,11.3397027,15.83653342,11.27737997,11.38668724,3.107649277,2.99853113,4.50442809,3.866872512,9.163340625,6.24955488
Gggf087k,10.11037864,10.80386938,15.80389316,10.25926974,12.72934706,3.009957027,3.088446143,3.965633055,4.05504894,9.295604845,4.891294782
Gggf089k,9.880087385,11.63598532,15.02412577,9.699915079,11.69175299,3.57628362,2.676348143,3.514188503,3.617179803,8.152012232,5.126905418
Gggf098k,10.44771357,11.3983064,15.17692144,11.8374644,11.9355349,3.501875509,3.28828562,3.677229956,3.839404817,9.245439694,5.717390858
Gggf099k,8.716009697,11.6068377,13.88545976,11.28044874,12.12943448,3.792352052,3.162343487,4.224043696,4.282113933,9.119588668,4.804770042
Gggf101k,8.987797554,10.99938622,15.56693783,10.59654775,11.50428009,3.184671696,3.115213475,4.037101485,3.932405522,8.424261123,5.729447972
Gggf102k,10.2171874,11.60117158,15.45847331,11.5282679,13.44156358,3.272125305,3.358534749,3.917028748,4.304659361,8.61164025,5.038431685
Gggf103k,10.34884751,11.50685143,16.66258248,13.21054058,12.8708498,3.779366268,2.587096595,3.949456918,4.152279037,9.126040721,5.573180216
Gggf104k,10.21704457,12.89532595,16.61098021,11.02760396,13.86926372,3.739801577,3.412629905,4.284458734,4.140530204,10.1028455,5.87601612
Gggf107k,10.17883791,10.41354362,15.87592918,10.17195013,11.97084766,3.209206906,3.0667213,3.9657804,4.120147934,9.11422189,5.579927272
Gggf109k,9.875723609,11.43504528,15.97268707,10.68887372,12.26313062,3.434457142,3.096799754,4.076542711,3.813312136,9.539564915,6.154273661
Gggf113k,11.05638411,11.96978291,15.84173786,9.973437401,13.20866616,2.718737571,3.538541822,3.818997595,3.904505013,9.695179352,6.29507431
Gggf114k,8.931301147,11.38693983,15.65419465,12.03962206,12.58050905,3.944316867,3.078066866,4.536652012,3.891237784,8.649021067,5.298236307
Gggf128k,10.96385832,11.9164436,17.09473511,10.35423461,13.58091182,3.28178448,2.857826157,4.000172782,4.128957368,8.324064476,5.137410018
Gggf129k,9.796706489,11.48822016,14.86889935,10.1137609,12.15439488,3.210706462,3.214244818,3.932179676,3.744792183,8.558456947,5.841451401
Gggf130k,10.34357086,12.05684126,15.85336022,10.3792524,14.23277891,3.465873834,3.22242449,3.663631749,3.692686411,9.392758962,5.317874058
Gggf131k,9.64690086,12.19998832,15.57976605,11.4895014,13.62470608,3.221443814,3.542334802,4.371009007,3.807313968,8.567623438,5.540799359
Gggf132k,9.995348201,11.38953594,16.34994464,10.70391025,12.37815897,4.024841592,3.66349413,3.604441641,3.91283743,8.686985988,5.613329726
Gggf133k,9.025147514,11.57016518,15.84768365,11.36165441,13.4658391,3.902751668,3.077369638,3.66772962,4.110018016,9.407585517,5.684194462
Gggf134k,9.880580567,10.54094253,15.11489131,9.937004845,12.67382882,3.84528038,2.732701723,3.726781587,3.802609817,8.005370242,4.957413577
Gggm001k,11.67947508,13.94499316,18.34841139,14.43164697,14.9677345,3.324502925,3.369194182,4.471101798,4.239485024,10.72147576,7.167603528
Gggm002k,11.35592068,14.89221454,20.08470686,13.8430686,14.62594999,4.082368312,3.693360277,3.961149379,3.993157741,11.21423579,6.412603518
Gggm003k,10.44217353,13.38195971,19.49539432,15.7738788,16.33621679,3.055413179,3.592832422,4.81134634,4.360890635,10.29774023,5.862355098
Gggm004k,11.79290519,12.78232754,18.80937999,14.85629933,15.22137946,4.063617472,3.599267049,4.730752247,4.476308849,11.26750659,6.048779541
Gggm005k,11.42234674,13.93261562,19.100053,12.49985715,15.84400831,3.446735062,3.727352914,3.917939468,4.256748656,11.32233816,5.882159335
Gggm007k,10.6390711,13.0643524,16.88157891,13.24184912,14.01798602,3.579550021,3.206605561,3.633561755,4.235422888,9.691627098,5.34427071
Gggm008k,11.87584354,13.61616651,19.76709151,13.70966481,16.49544481,3.597338285,3.354308288,4.361252945,4.487910385,9.949261252,6.205565283
Gggm013k,13.54505549,14.76846728,21.1681185,12.68706157,14.25812673,3.474239669,4.227599525,3.61934812,4.610114451,12.13828486,6.570754353
Gggm017k,12.10264463,12.21799917,17.48669782,13.59781785,14.48313544,3.607013438,3.248532611,4.438517595,4.105157042,11.69143482,5.518409592
Gggm019k,11.57035037,13.06224018,18.43299701,10.83687032,15.32968177,3.673913851,3.484011799,3.813495161,4.687175672,9.671540116,5.386778698
Gggm020k,11.08286581,13.34655432,17.82572952,11.69448977,14.77050572,3.474774928,3.59210394,4.476058923,4.276128421,10.30058306,5.509979848
Gggm021k,12.93833445,14.17353695,19.17426129,14.51820248,15.15251156,3.403237635,4.293034556,4.619200542,4.525121467,12.37290325,6.430126495
Gggm022k,11.62310769,13.81896636,18.41642908,11.60479729,15.10208743,4.311556109,3.469890399,3.968379538,4.377063135,9.486495906,6.546184117
Gggm023k,11.16845442,14.14739381,18.32930671,12.39519445,15.05488908,4.563685072,3.467339456,4.492887046,4.403364157,10.59516618,5.920019977
Gggm027k,11.4308521,13.8394885,17.96739171,11.57850188,15.48178803,4.074690115,3.249073388,4.136275041,4.164593448,10.88737436,5.796823773
Gggm029k,12.3187805,14.89556307,18.39813173,14.23741267,16.01697067,3.719256335,4.125238203,4.824255687,4.585412084,10.76481937,5.921227582
Gggm030k,12.38447429,14.34786567,19.24873638,13.36682107,15.22926031,4.096987089,3.604195609,3.858501683,4.482572774,11.34558453,6.601731147
Gggm031k,12.75261032,13.89996792,21.88505248,11.91422838,16.08223926,3.494229155,3.213958353,4.068005602,4.847607323,10.55377035,6.333068761
Gggm032k,10.85305549,13.56260059,18.84549117,13.00986655,15.54050332,3.615660936,4.059716232,4.626367206,4.603567217,9.576096613,6.203564625
Gggm034k,10.7313534,13.64220007,18.03636432,12.57628255,13.99716437,3.85202184,3.370709427,3.96976631,4.443688219,10.58950599,5.646629277
Gggm039k,12.98737904,13.89171261,18.27072322,13.89280801,16.77784979,4.267835483,3.478337775,4.214537477,4.455618042,11.58198283,6.436178318
Gggm043k,11.27039235,13.35122345,17.28286955,14.57437052,16.1795302,3.545955611,3.200946545,4.049733936,3.941917473,12.09691428,5.948162776
Gggm044k,10.51780372,14.82233872,19.61294215,12.44868761,14.77731439,3.163140077,3.483658421,4.222644034,4.444673678,9.932243701,6.140592733
Gggm045k,10.48786337,13.17533546,17.07294149,13.42386833,15.17928323,3.891654041,3.397505219,4.23224823,4.37325823,11.25715138,5.961289541
Gggm053k,12.95896141,13.35595829,20.65008804,14.48924528,16.45112509,3.960164153,3.96925806,4.658703679,4.447889918,12.04326844,6.946551098
Gggm058k,12.71427186,11.64833823,18.67997533,12.28935853,15.79899285,3.651210665,4.49427981,4.26253179,4.792497343,10.32050058,5.999948251
Gggm059k,10.70472641,13.20333667,17.96402601,14.23578036,15.69861275,3.862833393,3.43440732,4.795160368,4.550766527,10.74955291,6.89890795
Gggm060k,11.25911327,13.12613421,20.84406653,11.2024881,14.83263063,3.675092468,3.621711033,3.867190759,4.240218948,10.93932829,6.271620607
Gggm071k,10.16573749,13.35929523,19.47923495,13.46805766,14.52206008,3.111482797,3.286300581,4.801105714,4.394702034,10.42253368,6.4171102
Gggm072k,11.17564414,13.83751612,16.95848767,12.67258908,16.10516484,3.899197016,3.872962191,4.177859562,4.631935514,10.26860711,6.470930663
Gggm074k,10.72615818,12.58696056,17.82035554,12.23803384,15.71571857,3.428271404,3.270312969,4.539331847,4.491081964,9.58954445,5.269032018
Gggm075k,11.43050463,12.32084466,19.50814,11.82806204,15.09822593,3.558061525,4.028304679,4.498683032,4.316921248,9.837939571,5.677923711
Gggm076k,12.24851311,13.50809754,18.2485585,13.25702095,16.79603731,3.890774084,3.172047375,4.685083611,4.252353289,10.78867412,6.837797597
Gggm077k,11.04153699,11.86517339,19.3470485,12.81123698,14.23135921,3.298457152,3.361980068,4.611589336,4.348826487,9.757010897,5.812827926
Gggm078k,12.09263913,12.31506596,20.38876293,14.69906824,16.08835349,4.24928002,3.64262198,5.110313215,4.53092589,9.599130528,6.184040869
Gggm079k,9.983610173,12.86169841,17.68071899,12.74027904,15.18212621,3.918789137,3.385681088,4.28563511,4.450826141,10.25976161,5.405518877
Gggm080k,10.16692382,12.37843289,19.46318747,12.33806674,15.90940591,3.931233686,3.501931004,4.43044617,4.032556989,8.838197896,6.074665837
Gggm093k,9.801959305,11.67580859,15.91791542,9.992175047,13.2915598,3.518051101,2.645951348,3.966382915,4.0829842,9.529092425,4.970017961
Gggm108k,10.86715615,13.02710123,18.32223478,12.2326644,14.01751024,4.325596798,2.82002243,3.587505635,3.788485776,10.28575178,6.35237457
Gggm118k,8.675755264,10.91335907,15.34278402,11.88992828,12.27186878,3.211452434,2.917437709,4.377703049,4.027808951,8.97328809,5.730433904
Gggm119k,10.53744109,12.04676595,15.84228982,10.05337067,12.50857369,3.131798698,2.87809244,4.176080085,4.184410054,9.415311021,5.712991719
Gggm120k,10.50461515,11.60605578,15.97494412,11.73687117,13.11225124,3.591943863,2.662788768,4.231312675,4.350337078,8.770059066,6.025612891
Gggm121k,10.67787353,11.49870174,15.43529909,10.12734898,13.22184849,3.631683983,3.213883068,4.017525571,3.885887347,8.987416313,5.862858089
Haaf003k,5.201512326,5.469535996,8.156079926,3.015364518,5.370410032,1.514158317,1.168196543,2.1360187,2.173042725,3.735773523,2.839851928
Haaf005k,4.950074492,5.750425785,8.042294242,3.244205796,5.323967346,1.546438022,1.170250862,2.195961584,2.092833461,3.438879391,2.737840555
Haaf013k,4.55245443,5.815125227,8.039864761,3.067740602,5.871685336,1.838694836,1.263637988,2.137023452,2.054106517,3.425711724,3.005040902
Haaf019k,4.883044862,6.119596129,7.924151734,2.965290337,5.695607087,1.795249365,1.431189687,2.29478019,2.096247883,3.485040054,2.545786197
Haaf023k,5.410672114,5.397537426,7.79197923,3.049311253,5.702788547,1.644181332,1.402295245,2.301055373,2.412489942,4.025975347,2.547755293
Haaf024k,5.074305131,5.394489977,8.58611877,2.917428821,5.444287452,1.638047134,1.419014335,2.397839415,2.49936884,3.949086383,2.779481579
Haaf029k,4.662957927,5.874000889,8.135869708,3.262509528,5.457231936,1.630405187,1.300280492,2.468673033,2.190953633,3.453431361,2.475740162
Haaf033k,5.159491871,6.07382309,7.919381993,2.61406273,5.295166225,1.629519814,1.526661658,2.515065398,2.522862917,3.524254311,3.072748782
Haaf034k,4.898806622,5.07811222,7.805025793,2.820357009,5.345738471,1.447026272,1.184226718,2.386209293,2.522143388,3.449170492,2.620867255
Haam006k,5.310469906,6.075443491,8.03104958,2.970725134,5.241501071,1.801794179,1.418572628,2.327572017,2.521448188,3.779287915,2.833743444
Haam007k,4.733067803,5.935785131,8.096070056,3.45174828,5.428372293,2.153207651,1.506965231,2.31582777,2.261833529,3.728771157,3.144351879
Haam009k,4.713695336,5.759186454,7.525668379,2.991043637,5.146499596,1.686150547,1.342076806,2.235077507,2.3983202,3.431999021,2.628731229
Haam010k,5.275175741,5.597109526,8.020409077,2.784256337,5.501363635,1.875856462,1.32683567,2.502675079,2.409022127,3.312046051,2.643696604
Haam012k,4.927880931,6.194704594,8.246252605,2.883711889,5.980151496,1.756196085,1.237868471,2.510618381,2.4691609,3.788990221,2.990271835
Haam014k,4.896585177,5.422347528,7.651285001,2.957578222,5.149705178,1.641544567,1.622625923,2.25442631,2.303311348,3.664954731,2.398478577
Haam020k,4.812468916,5.488075046,8.119496679,3.464549311,5.452944306,1.856321535,1.325811967,2.417421344,2.342974921,3.630418791,2.838712953
Haam021k,5.365017654,5.454016229,8.373589748,3.022422739,5.464977616,1.777130503,1.526325677,2.262402795,2.452027323,3.645345047,2.681685645
Haam025k,5.206993849,5.481549235,8.408801914,3.306880402,5.491390808,1.737708851,1.472904723,2.44234887,2.07791108,3.84909634,2.987246714
Haam026k,5.170348946,5.883467811,8.381261322,3.455414778,6.135157395,1.589647527,1.538090762,2.281974556,2.542329272,3.829828477,3.151503139
Haam027k,5.166907307,5.629925531,7.386210078,2.959958474,5.310783098,1.64559536,1.312695713,2.221236343,2.285117104,3.564962781,2.376453872
Haam028k,4.945553531,5.480570202,8.350633046,2.814273723,5.447243003,1.560965801,1.326969914,2.421548574,2.584647256,4.02798598,2.501538748
Haam030k,4.776439789,5.952054824,8.589589929,3.193578216,5.69426645,1.743311611,1.348710813,2.213159715,2.382832418,3.871905381,2.684351633
Haam031k,4.794495438,5.321569042,8.499704789,2.562946228,5.33794913,1.736963297,1.44243412,2.490646696,2.396277935,3.744801587,2.87442881
Haam032k,4.948279575,6.031465455,7.603460677,3.507543738,5.764589081,2.007299476,1.441345314,2.217970508,2.49946285,3.993699229,2.552473885
Haam035k,5.329162502,5.54605919,7.75938375,3.045952535,5.92191339,1.930043613,1.320166242,2.368908907,2.406585079,3.812876667,2.589199239
Half001k,5.157802751,5.744092282,7.717469661,2.638656116,5.450347573,1.871390239,1.395431965,1.950375992,2.14408146,3.619484165,2.71649961
Half008k,4.951870261,5.462227455,8.185649374,3.123970151,5.846492877,1.693464306,1.402519271,2.397853159,2.432942694,4.184870986,2.955035809
Half009k,5.027557366,5.134975443,7.640129906,2.869940463,5.221040148,1.68900857,1.0997162,2.337794516,2.200920037,3.631155678,2.689306305
Half011k,5.16996888,5.751273917,7.978286594,2.960829191,5.445718574,1.635723707,1.42289038,2.188407942,2.228098847,4.059820342,2.699048403
Half013k,5.072014131,5.700848132,7.489054782,3.031373426,5.571393384,1.860125391,1.259682169,2.224997208,2.200061425,3.964635766,2.93587926
Half014k,5.139795259,5.347950067,8.198095167,2.577474865,5.453758457,1.783446112,1.322559238,2.06610823,2.172961118,3.996598528,2.43146514
Half015k,5.133110886,5.508993607,7.395994686,2.351286655,5.077375038,1.399998179,1.298389327,2.397708581,2.373068333,3.305857328,2.75493244
Halm002k,5.40463024,5.916742807,8.442767554,3.010782518,5.518826293,1.918860105,1.464371558,2.169685087,2.392222965,4.048880249,3.024367217
Halm005k,4.826187005,5.04037337,7.689474859,2.772008069,4.911056088,1.661245613,1.22408838,2.351737353,2.251926296,3.548985451,2.677413172
Halm007k,5.297623733,4.947458945,7.622634293,3.036427915,4.903466172,1.642030333,1.064161772,2.232806796,1.982418534,3.781997828,2.559779173
Halm010k,5.172935008,5.559238008,8.601179476,3.297745147,4.766422176,2.181139822,1.572086744,2.384531134,2.150791495,3.98904718,2.617601155
Halm016k,4.90265174,5.480033041,7.907169383,2.943767362,5.802830554,1.734710092,1.22453098,2.181971315,2.202757494,3.545010389,2.742897072
Halm017k,4.807519489,5.418839466,7.947801717,3.026703073,5.367377096,1.822077959,1.293430115,2.390825769,2.364273785,3.665347399,2.312336156
Halm018k,5.319006918,5.432670274,7.42163922,3.084832352,5.929495498,1.877457406,1.380035066,2.385362768,2.350707727,3.742366171,2.807974749
Halm019k,5.507833672,5.785325015,8.475401435,2.764675493,5.353604643,1.794787503,1.267853621,2.045876765,2.262028015,3.9797127,2.47646776
Halm020k,5.18234908,5.684677721,7.968196093,2.866794497,5.843979115,1.543404824,1.438564193,2.244631751,2.204595138,3.741634747,2.709376628
Halm021k,4.905509097,6.856308909,8.322195472,3.489374733,6.13914085,1.930699924,1.462399165,2.605854566,2.608630773,4.093142212,3.256540637
Hauf007k,4.661229559,4.68804639,7.010433592,2.734805031,5.419907352,1.285158709,1.404118351,1.961179839,2.194636996,3.169286964,2.302413131
Hauf013k,5.040486636,5.14426786,7.559858319,2.704951438,5.467859593,1.468162808,1.155952547,2.369085445,2.271591358,3.346878818,2.445610046
Hauf014k,5.29968658,4.743125883,7.957434316,2.832458767,5.561530632,1.737973859,1.491406618,2.15139213,2.203235355,3.33230275,2.663131167
Haum003k,4.818386171,5.800256671,8.715889373,2.405234358,5.68592761,1.570092045,1.185913912,2.210318835,2.243897377,3.886870869,2.923980627
Haum004k,4.87733145,5.536595914,8.268855663,2.903698046,5.220409708,1.566983552,1.051740223,2.266376031,2.217510685,3.692322972,2.847694464
Haum005k,5.257304933,5.009571987,7.727110539,2.697829589,5.298160605,1.627674593,1.364378591,2.310298028,2.448050475,3.593805671,2.629882874
Haum008k,5.026308234,5.879528146,8.059266612,3.220546852,5.687567044,1.795486792,1.389575684,2.315640549,2.370043549,3.547027331,2.960018741
Haum010k,5.28718041,5.72908025,7.669343271,3.391027976,5.626531945,1.847640099,1.668004802,2.347761461,1.994237807,3.961427308,2.95101287
Haum011k,5.386341019,5.674646295,7.825322832,3.045035161,5.590227533,1.748534692,1.252097,2.142796532,2.257946305,3.770377918,2.56871684
Haum012k,5.02546455,6.210556298,9.022246878,3.777891335,5.374487366,1.894533198,1.864849717,2.206256608,2.471968513,4.029718134,2.760891536
Hauu001k,5.232354024,5.238086823,8.202963942,3.02297826,5.24437224,1.841442889,1.556913315,2.250466306,2.296883273,4.050014565,2.82564966
Hauu002k,5.141065643,5.545720672,8.03744877,2.72137921,5.561650061,1.253433967,1.33512795,2.462341613,2.28777593,3.57880756,2.613149317
Hauu009k,4.985826968,4.858026266,8.168873176,3.029252871,5.162228468,1.630781626,1.250916922,2.273916139,2.08157019,3.865213009,2.48393671
Hmaf003k,5.220872145,6.1052854,7.81041273,2.994401633,5.96620661,1.581128887,1.46063563,2.306894282,2.429863406,3.731732585,3.043768258
Hmaf004k,4.779712922,5.924797345,8.143744821,3.48851064,5.786117166,1.813866104,1.226583384,2.19499881,2.24818218,4.036295576,2.623079592
Hmaf005k,5.503467271,5.791553186,8.326213254,2.848548883,5.823291668,1.354721424,1.418868796,2.137791332,2.20269978,3.70395502,2.904808341
Hmaf007k,5.325386932,6.001319645,8.382398218,3.031220004,5.904532358,1.824549365,1.680378644,2.161558448,2.324587448,4.142655405,2.813905201
Hmaf011k,5.773191798,5.790683442,8.10764958,2.749743137,5.929507471,1.593997653,1.371492413,2.300983825,2.296424812,3.816894577,2.999678224
Hmaf015k,5.577929222,5.93064235,8.342643619,3.229693295,5.586741921,1.707569265,1.392026397,2.467367254,2.493258413,3.597849314,2.576147398
Hmaf020k,4.92547529,5.936482678,8.461893155,2.750502198,5.892645429,1.461799569,1.386013493,2.254634702,2.410925504,3.910997307,3.030735146
Hmaf021k,4.996855116,4.7583441,8.21885347,2.929843304,5.049716986,1.592997787,1.164544751,2.082516343,1.954095162,3.415742241,2.567529106
Hmaf022k,5.197303309,5.811700198,8.134021705,2.959385697,5.495683635,1.679116762,1.327712903,2.358622743,2.26069004,3.839986224,2.690354183
Hmaf024k,4.923733863,5.796865107,8.078136367,2.997864635,6.524718875,1.541296307,1.338804566,2.13484538,2.291825156,3.621386644,2.642955896
Hmaf025k,5.184128313,5.532222448,8.217798621,3.02626187,5.703628451,1.775820079,1.313288552,2.367522313,2.324450369,3.708436368,2.295609182
Hmaf027k,5.222331252,5.598988158,7.614270345,3.218233962,5.788059085,1.97639176,1.42154039,2.437259519,2.399528498,4.01008734,2.652072011
Hmaf031k,5.464756775,4.728200446,7.556243696,2.915582546,5.984533499,1.627675995,1.119788375,2.176424693,2.313714853,3.592562605,2.381055984
Hmaf034k,5.218827254,5.505180902,7.410958819,3.086645407,5.547081202,1.796052337,1.278695205,2.238814958,2.526190392,3.778451958,2.96801103
Hmaf036k,5.248136944,6.021140505,8.145576646,3.336559684,5.657427293,1.734270269,1.37543531,2.441491619,2.548805225,3.776016225,2.724579884
Hmaf038k,5.007540469,5.578210853,8.161926859,2.65441428,5.486907896,2.033250159,1.333538107,2.04978411,2.317138147,3.349109194,2.786414476
Hmaf040k,4.991168917,5.735393328,8.028646527,3.137925385,5.825820731,1.592162777,1.274064974,2.499919402,2.42014098,3.896188059,2.933496942
Hmaf042k,5.101441202,5.764744426,8.132183979,3.169405352,5.592770807,1.328718848,1.301243971,2.40225867,2.068185785,3.874813571,2.709274456
Hmam001k,4.824069123,6.258949573,8.722597192,3.741448555,5.76581002,1.874293692,1.517650891,2.89039216,2.401376273,4.16510632,2.751880051
Hmam002k,5.165541016,5.981195748,7.563494223,2.986546367,5.61249248,1.4198144,1.34935868,2.162610337,2.243140741,3.785272543,2.638031803
Hmam006k,5.201892965,5.529580911,7.661856584,3.220422115,5.890961992,1.765386546,1.25618724,2.262583833,2.224244189,4.367044934,2.620690612
Hmam008k,5.204447625,5.64681402,7.962681255,3.128556028,5.800705881,1.646114166,1.46622456,2.380379717,2.272942436,3.698164557,2.751960668
Hmam009k,5.068680601,6.299593322,8.251661931,3.331428451,6.006547638,1.899522931,1.400086999,2.494569521,2.392247419,3.713735905,2.715445318
Hmam010k,4.811590826,4.9551716,7.587608193,2.987887819,5.303529723,1.557160011,1.410417053,1.948215531,2.154642064,3.839604475,2.697406753
Hmam014k,5.233585836,5.639565423,8.142787423,3.137990669,5.584472201,1.588543715,1.370052793,2.358736624,2.423433244,3.974242085,2.452316915
Hmam016k,4.69729162,5.518154464,8.37654519,3.277469595,5.042337634,1.533372465,1.187916878,2.096083543,2.269840334,3.630836933,2.119153076
Hmam018k,5.253105429,5.545817209,7.564793082,2.643269506,5.792760637,1.850021945,1.363488326,2.11681844,2.220000497,3.864843591,2.964360438
Hmam019k,5.075813079,5.122611258,7.597740427,3.160140894,5.023861749,1.702902092,1.201212877,2.079486211,2.18035663,3.8081966,2.482015211
Hmam030k,5.619748378,5.169076978,7.337032699,2.994791091,5.418745551,1.743234576,1.308886758,2.034281779,2.001465803,3.298122495,2.416130445
Hmam032k,5.541824165,5.406476416,8.172411551,3.412677647,5.581795569,1.730300076,1.529672147,2.254633275,2.508294075,3.794307982,2.544575189
Hmam037k,4.945308574,5.37599619,7.906036612,3.190243276,4.8261564,1.782948145,1.236605443,2.447477832,2.398338185,3.606259251,2.439156442
Hmam039k,5.202731856,5.618718077,8.088104099,2.966280802,5.835897525,1.662952048,1.270613017,2.223598588,2.315849889,3.663304848,2.682755828
Hmam043k,4.971968789,5.783877038,7.600829517,2.702990834,5.220227525,1.422495617,1.177433498,2.207424454,2.381218454,3.822113096,2.704737037
Hmam044k,5.312495048,5.443073649,8.020785655,3.652916179,5.923709496,1.91456442,1.284508685,2.269326412,2.477965324,3.888277511,2.809832806
Hmau013k,5.300711872,5.599063178,7.52757241,3.011438079,5.614817987,1.721699015,1.167923341,2.38147419,2.149353876,4.087392826,3.065306556
Hmau023k,5.067554891,6.014449735,7.844292434,2.88492348,5.605742453,1.819977293,1.420259364,2.104303015,2.474488894,3.595419915,2.804849255
Hmau026k,5.321409073,5.67245253,7.878479543,3.122828112,5.568445109,1.808197806,1.293509549,2.102700966,2.441709883,3.781537637,2.408426655
Hmau029k,5.295951413,5.659193262,8.049507309,3.55191593,5.893306656,1.5915556,1.493545583,2.297266219,2.501124268,4.23264173,2.942074297
Hmau035k,4.555616067,5.142801886,7.349190552,3.194145496,5.127538771,1.809085959,1.357869924,2.110970159,2.078040255,3.72066912,2.582600694
Hmff001k,4.962239872,4.890648818,7.528669829,2.742483945,5.05883948,1.415496139,1.225979782,1.868395491,2.270571129,3.539641844,2.749915477
Hmff003k,4.873596357,5.786121407,7.446935717,3.150502582,5.142735211,1.552836389,1.379019304,2.052464769,2.105284646,3.875900725,3.012408934
Hmff007k,5.048836642,5.351046028,7.979415779,2.96585288,5.140333056,1.427639082,1.438879126,2.267636832,2.136531287,3.612081766,2.480241704
Hmff009k,4.929326045,5.502858558,7.843927065,2.617739037,5.499081992,1.50799471,1.451430953,1.960126663,2.148310085,3.666288367,2.592183824
Hmff010k,5.008485824,5.579100756,8.261452071,2.945347947,5.585524386,1.598315995,1.729283358,2.064412439,2.032830376,3.994592451,2.605445704
Hmff011k,4.319295055,5.239572725,7.324975392,2.910446419,5.313733567,1.265479956,1.416607559,2.287652794,2.317898877,3.627830644,2.613580435
Hmff013k,5.094151177,5.564320456,8.476370496,3.278450872,5.377690843,1.552900321,1.205466988,2.232746859,2.470326354,4.12948459,2.780505161
Hmff016k,5.188489947,5.79135859,7.264911088,3.174515209,5.727923467,1.508601443,1.049449046,2.232312677,2.20063473,3.650665153,2.574251815
Hmff020k,4.508882446,5.556702364,7.427690191,3.00078087,5.803128707,1.549480652,1.368687931,2.162174554,2.447847101,3.727843444,2.864908289
Hmfm004k,5.159306745,5.36320927,7.887223851,3.395673244,5.561516887,1.369305202,1.328765322,2.26395664,2.392483695,3.998231737,2.676650446
Hmfm005k,4.958616517,5.397198563,8.171792067,3.811622822,5.764994998,1.825257688,1.348829506,1.883966729,2.146760114,4.275175821,3.020393592
Hmfm006k,4.782678823,5.551366347,7.832004816,3.199153528,5.505952481,1.464753648,1.315390544,2.297999407,2.208180879,3.892092936,3.056652495
Hmfm008k,4.652177284,5.628768028,6.962721697,3.148298882,5.811842243,1.681104671,1.358905426,2.381444827,1.958303235,3.900460982,2.948361509
Hmfm012k,5.034309551,5.400692936,7.626577586,3.102944566,5.680606508,1.396453285,1.057083656,2.048911668,2.303626924,3.820806151,2.596421062
Hmfm014k,4.466067779,5.458658322,7.575274549,3.116963414,5.353484738,1.475481508,1.158660133,2.277499021,2.200653696,3.363932849,2.785103367
Hmfm017k,4.741722721,5.460849241,8.279946023,3.26477819,5.426633563,1.716478395,1.257906086,2.360733663,2.607853869,3.548038314,2.647441791
Hmfm018k,5.165762396,5.352327687,7.507607553,2.961928667,5.360510369,1.717833497,1.299021942,2.127037124,2.220473644,3.603683429,2.564433059
Hmfm021k,4.747584654,4.893946323,7.782448248,3.151793545,4.937203186,1.797757792,1.362504537,2.063673743,2.29681243,4.053859114,2.150371455
Hosf004k,12.97777934,10.21481511,18.59956998,7.764544638,10.92962709,3.340842438,2.342591592,3.703609721,3.916434457,4.99553886,5.280908735
Hosf005k,12.32733681,9.686091925,16.94168853,6.174733281,10.49212662,2.97018987,2.234721155,3.1170923,3.966931469,4.538920521,4.848567687
Hosf008k,11.87030048,10.19035651,17.16537593,6.384914202,11.23072229,3.081767201,2.427358232,2.904143997,3.676400293,4.657128555,4.834932355
Hosf009k,13.29259757,10.24866466,16.93863596,6.339730292,11.07655496,3.579254959,2.149621736,3.41489334,3.823643887,4.883342711,5.042568788
Hosf012k,13.18953455,10.96337974,18.67663802,6.446776956,11.39783282,3.134958161,2.337985511,3.404785499,3.663974007,4.861963012,6.461825322
Hosf014k,12.85531303,10.93808312,18.52457841,6.892521198,10.50244047,3.240503164,2.115914141,3.357160986,3.706437651,4.984986088,5.390771661
Hosf017k,13.14416273,10.82758454,18.43601724,6.353659679,10.75223636,3.394508555,2.36991946,3.26073459,4.011116618,4.38326982,5.096555431
Hosf018k,12.53335656,10.90179337,18.56443759,6.655366946,11.26531545,3.732476879,2.444640164,3.267683476,3.82639758,4.858629507,5.158127123
Hosf019k,13.70131866,9.88838468,16.41048203,6.186439966,10.86149151,2.948553246,2.577479455,3.215915423,3.641062497,4.391738696,5.874751292
Hosf021k,12.60766288,9.504124985,16.78279366,6.646604248,10.54864763,3.833514786,2.142314698,3.293186781,3.694761287,5.519075949,5.555454607
Hosf028k,12.54646958,10.27994568,17.24124492,6.955849014,10.85469528,2.126050909,2.361037808,3.753312103,3.603941793,5.469497388,4.948866017
Hosf031k,13.38074764,10.55041419,18.13137617,6.889190138,11.4190368,3.337436466,2.536864691,3.784094606,3.543405565,5.458737958,6.046571987
Hosf032k,13.28145477,10.99055973,16.60056186,6.699926645,11.27344625,3.094921266,2.702597055,3.606996498,3.949892931,5.918875873,6.065631309
Hosf034k,13.33387671,10.46107065,17.31346786,6.43799127,12.38285366,3.442744923,2.443122745,3.615427194,3.771868979,5.158020127,4.879489032
Hosf036k,13.12239415,10.25488873,17.31317857,7.222938342,12.14807237,3.241383035,2.860753345,3.514350982,4.011147932,5.203041308,6.110257629
Hosf037k,13.9411137,10.18240222,17.89472485,6.77031281,11.79053929,2.987423271,2.998119596,3.773342255,3.869164528,5.029560835,5.870320839
Hosf038k,13.58430984,9.249066672,15.99620171,5.92741018,11.09981595,2.966071641,2.468330191,3.457017008,3.731996275,4.676154448,5.216986529
Hosf039k,13.71151926,8.899321726,17.19867528,6.603415944,10.35979277,2.519234261,2.752491679,3.554205735,4.077320139,5.031779302,4.821052286
Hosf040k,13.93153128,10.36656487,17.68257577,6.700232121,11.02479403,3.119463854,2.340019277,4.071029944,4.035760673,5.769805247,5.6688856
Hosf052k,11.95232767,10.6262379,15.73494161,6.824945184,11.7524219,3.130496797,2.337279022,3.315978128,3.898205173,5.234546688,5.071963146
Hosf063k,12.68446798,9.7859412,16.58307617,6.857155371,11.38178604,3.267822308,2.550636294,3.372133875,3.667371469,5.248005607,5.906630725
Hosf066k,11.90979588,10.33698267,18.25472864,7.104761142,11.53203883,2.642473151,2.568838709,3.161861394,3.550039707,5.165340663,5.603739717
Hosf069k,12.49803921,10.5338352,19.19445202,6.544253541,11.31406216,2.853741068,2.447994594,3.62831396,4.203898209,5.083602065,5.777118996
Hosf070k,12.03058114,9.505954668,17.76981438,6.91047208,9.659212114,2.872729148,2.07946963,3.667177897,3.839721402,4.727654602,4.856290815
Hosf074k,12.23596171,11.66639119,17.81751815,6.424492065,10.60684104,2.806514954,2.03325014,3.630360229,3.678716679,4.697450407,5.606452496
Hosf085k,12.42974339,11.74239117,17.74481498,7.711927447,10.27459671,2.891722941,2.279823974,3.832176306,3.911921997,5.223986662,6.18300425
Hosf108k,11.92767311,11.26001045,18.19189127,6.772069332,10.52475833,2.594282722,2.476462411,3.716140197,3.899889734,5.364174169,5.552681186
Hosm001k,14.11783648,11.7715234,19.64293406,6.649160543,11.76429852,3.457761443,2.422596683,3.199907995,3.910699341,5.655537936,5.419557942
Hosm002k,13.2203129,9.927034321,18.31818837,6.691154379,11.56772701,3.502546841,2.385090532,3.164351603,3.557660982,5.278750099,6.019899792
Hosm003k,13.34631832,11.6728246,18.96200387,6.219330646,12.26341892,4.110293128,2.884881655,3.056554942,3.887420421,4.954980529,6.017545333
Hosm006k,13.25018178,11.26853675,18.40197791,6.893759322,10.76657364,3.323143502,2.608425718,3.460757941,3.739645091,5.202859,5.724983727
Hosm007k,13.23828237,10.41209386,19.04155391,6.373670372,11.89610175,3.341413469,2.573215178,3.038672438,4.104704753,5.108174344,5.741193377
Hosm013k,13.32297111,11.18653666,18.88101731,6.487629953,11.8541865,3.26143311,2.649273166,3.718705428,3.854991111,5.530509534,4.644347314
Hosm015k,12.20083238,10.78943994,17.43829963,6.609277291,10.73797412,3.004270841,2.16849243,3.376663977,3.42948139,4.518575765,4.754521435
Hosm020k,13.58874831,10.09790173,17.61816059,6.464477345,10.40346598,3.602532358,2.39822229,3.451682327,3.573009444,5.394975355,5.731022728
Hosm023k,11.93050253,9.519833724,16.47684435,6.752019193,10.76125183,3.125802291,2.67225104,3.494385998,4.01312508,5.145682965,5.482444539
Hosm024k,12.34204106,11.56193061,17.74850253,7.507741957,11.93358784,3.244149003,2.403302496,3.540745021,3.671600326,5.952501365,6.247672772
Hosm025k,13.77105138,11.30542544,18.10083627,7.718602488,11.88177661,3.674046282,2.542873457,3.364092768,3.954239115,5.081667754,5.796530568
Hosm026k,13.75320557,10.39928763,16.68573849,6.443482005,11.5585516,3.000429926,2.763558336,3.798922241,3.855245635,5.201557357,5.70961655
Hosm027k,12.67100843,10.0337968,17.95710433,5.993968822,11.16446825,3.017532254,2.989996211,3.500259266,3.783324872,4.904212288,5.079185557
Hosm029k,13.3880626,10.41135936,17.80774859,6.309464091,11.01992184,3.069106755,2.902567285,3.63990108,3.955466974,4.807311092,5.667417546
Hosm030k,15.72227321,11.15339635,19.58678745,7.44197722,12.27370205,3.372673289,2.366612726,3.603737737,3.821211366,5.991113877,6.232578931
Hosm033k,15.55831333,10.21386239,18.41267592,7.958743601,12.10222478,3.108168465,2.863221185,3.591711228,4.094108723,5.277107359,5.723395729
Hosm035k,13.15349836,9.893595101,17.19452557,6.979168756,11.65634838,2.768180892,2.403478955,3.836908501,3.941556977,5.222940246,5.93191806
Hosm042k,13.4455916,11.4607115,18.99079404,6.598412543,11.99212531,2.837823605,2.789175249,3.761728664,4.349157197,5.426910761,5.850284347
Hosm043k,13.41310008,10.03987541,17.48986096,6.909420852,11.71259541,2.829590357,3.064490337,3.651007872,3.78326911,5.572768392,5.64957285
Hosm044k,13.67689543,10.96026535,17.70502037,6.611313226,11.78600556,3.17691988,2.935479329,3.309744684,4.229116719,5.662882252,5.522049623
Hosm045k,12.07824871,9.915439261,17.66376264,6.141928694,12.06404448,3.149142581,2.535946262,3.64998178,4.126008861,5.115317945,5.444830979
Hosm062k,13.92392741,10.20263461,17.11131343,7.070616207,11.15044701,3.437272777,2.284553672,3.837430779,3.981840596,4.89875209,5.464983559
Hosm064k,12.31026054,11.93611221,15.55366207,6.491540669,11.84507356,3.38871032,2.09442447,3.801493708,4.21159174,4.761507413,5.949867756
Hosm068k,13.82841283,11.78390331,18.954433,6.781048283,11.16772143,2.924169747,2.853013209,3.139963631,4.151953323,5.709684426,6.196595862
Hosm073k,12.48452667,11.22293381,16.8501878,6.116192702,11.30041951,2.751925308,2.086986626,3.023926993,3.506812884,5.146251546,5.386120136
Hosm075k,12.96874412,11.52302305,17.16557031,7.613120394,11.23210529,3.466724493,2.354883704,3.951085257,4.146895844,5.254109104,6.025924576
Hosm082k,12.89664789,11.63182918,17.4482048,7.680277961,10.78547905,3.352427985,2.350029671,3.583749281,3.98887889,5.11297471,6.366118571
Hosm084k,13.1207182,11.89227895,15.67014217,8.345662748,10.89139983,3.550470348,2.032400037,3.613465761,3.607190882,4.989389757,5.672053696
Hssf004k,5.507211203,6.625759954,8.844056417,4.150855333,6.598570546,2.576889101,1.579324135,2.52291539,2.497821997,5.505042519,3.043135545
Hssf005k,5.845354836,6.574658152,8.766115464,3.932912674,6.559678409,1.999748764,1.470661794,2.337920095,2.288891444,4.702060763,3.598845942
Hssf008k,5.16953693,7.548586092,9.602562025,4.433271769,6.967549315,1.832723849,1.602235529,2.382020275,2.350414147,5.477330104,3.728434525
Hssf009k,5.143873803,6.194879106,8.688307947,3.806829832,6.218643879,2.433470556,1.19281852,2.32271061,2.431004937,4.73313339,3.388290978
Hssf012k,6.070891188,7.542343694,9.61736546,4.069593358,7.12466057,2.411067841,1.680514896,2.488462396,2.377010433,5.216350414,3.799303864
Hssf015k,5.721868338,6.774303466,9.518186532,4.378179298,6.136513618,2.710865706,1.490014856,2.57533378,2.555474865,5.564652741,3.153641235
Hssf020k,5.967928786,6.347523164,9.364414485,4.321659407,6.459713069,2.347712658,1.459299364,2.586976608,2.465377059,5.662691346,3.443258155
Hssf023k,5.921154852,6.820654467,9.560405701,4.154005931,6.904821296,2.198114204,1.692319834,2.370814027,2.128080368,5.332750148,3.178259134
Hssf024k,5.824681113,5.988598453,9.561241849,3.973055528,6.41163945,2.361739581,1.303014979,2.462184592,2.478300459,4.993441939,3.223983924
Hssf025k,5.900773142,6.185544376,9.528000785,4.427120126,6.775551545,2.472919313,1.466955286,2.286075839,2.411495352,5.395279187,3.738162212
Hssf030k,6.326508381,6.480085607,9.264285644,4.268494173,6.972605218,2.004768634,1.730908613,2.534509133,2.448690407,5.573785646,3.937335403
Hssf034k,5.4026168,6.232711335,8.826557535,5.055989192,6.969735335,2.198720696,1.838867401,2.720713868,2.321183703,5.583179708,3.750759903
Hssf035k,5.704813176,6.002000974,9.698228909,4.38585243,6.144252015,2.051195738,1.608579718,2.407825942,2.58256614,5.128266511,3.313019862
Hssf038k,5.837326706,6.332873006,8.890915439,4.073487196,6.996368018,1.984260188,1.39087631,2.39841991,2.271533391,4.423933663,3.815070348
Hssf043k,5.676655181,6.063458292,9.640626617,4.278735106,6.938412979,2.312901659,1.515197978,2.349736118,2.196607827,4.905620396,3.536603534
Hssf046k,5.540369924,5.685291356,9.216812781,4.273440305,6.380231451,2.159859287,1.500163716,2.188087444,2.189648151,4.94579467,3.357801368
Hssf054k,5.862142481,6.367647872,8.339525061,3.967777246,5.95857884,2.39515004,1.545551658,2.77251716,2.556116712,4.163261179,3.045303838
Hssm001k,5.939296181,6.483445221,9.297532887,4.595478566,6.96284722,2.300998339,1.661845628,2.489688967,2.440355244,5.140783644,3.5237824
Hssm002k,5.5493491,6.552289197,9.254599802,4.955445484,6.572025912,2.547317724,1.775013092,2.256324571,2.370238334,4.986019789,3.126496768
Hssm007k,5.453684134,6.771933666,9.524138329,4.584178307,7.368554719,2.327254609,1.615216337,2.326676123,2.23877946,5.653927944,3.339716339
Hssm010k,5.719939912,6.983020518,9.131610818,4.174883949,7.175144892,2.320941801,1.707623916,2.52430735,2.400610966,5.403501363,3.384777507
Hssm011k,6.058864419,7.299330246,9.391105208,3.987142965,7.146463651,2.406866239,1.582820075,2.436235027,2.383234901,5.39105059,3.481247361
Hssm013k,5.875836055,6.934278629,9.488946591,4.511749515,6.991771905,2.413318544,1.469684168,2.102254859,2.517310776,5.616906983,3.382809755
Hssm014k,5.678821359,6.844230625,10.26536144,4.570576005,7.2508391,2.137505229,1.552529769,2.41742802,2.514542323,5.586332745,3.565209831
Hssm022k,5.488336542,6.609491645,9.101788031,4.476509588,7.006111556,2.425683683,1.547465454,2.341453352,2.660597672,5.366677265,4.254500958
Hssm026k,5.228787644,6.514632371,9.776023029,4.345086912,7.354329447,2.505694257,1.57926296,2.630914244,2.567093945,5.054345497,3.021399519
Hssm027k,5.933074745,6.723840458,9.181577865,3.775793168,6.723461493,2.044367284,1.421081304,2.569279943,2.648451017,5.626643652,3.529894025
Hssm048k,5.420767734,6.684305475,9.297264315,4.337851679,6.544662135,2.570028655,1.829619578,2.403657979,2.187565149,5.077154389,3.561806093
Hssm053k,5.494589388,6.386926894,9.367620175,3.963011099,5.871063342,2.390547766,1.508029115,2.372647068,2.641991734,4.887541655,2.921842674
Hssu029k,5.47942624,6.415172279,8.345683969,4.207532318,6.384477243,2.762250629,1.410999395,2.383376215,2.446857834,5.014770443,3.316850304
Hssu033k,5.487265801,6.086632238,8.496595582,4.16321074,6.484943778,2.587328744,1.610696349,2.336897288,2.27978914,4.59908109,2.95900554
Hssu037k,5.581631063,6.2420762,9.108477875,4.352668151,6.3353518,2.329453086,1.608888076,2.489335683,2.444666104,5.254834202,3.376130399
Hssu040k,5.811823284,6.676952916,8.818713911,4.291487016,5.69919261,2.480197766,1.427403627,2.491703579,2.334685299,5.303942586,3.086868156
Hssu041k,5.524742041,6.698643144,9.306511185,4.259854165,6.789572634,2.454746869,1.722488809,2.556554009,2.662736264,5.387721882,3.36835152
Hssu042k,5.351483366,6.35365869,8.774773706,4.564148622,6.469008578,2.273109752,1.559975637,2.690708913,2.498049335,5.152904534,2.702342961
Hssu045k,5.94480461,6.401469021,9.359454098,4.437167237,6.415810703,2.986500663,1.903467476,2.417268868,2.431664658,5.431620754,3.077589246
Hssu047k,5.290176708,5.593293278,8.892334599,4.120723038,6.02155978,2.128441869,1.421968854,2.42305824,2.504320583,5.299175126,3.332700031
Hssu049k,5.203801886,5.823989607,8.811248811,3.513353094,6.242413587,2.139197732,1.453337478,2.250746465,2.334441257,4.539785264,3.244851278
Pbbf001k,4.909660944,5.18721198,7.144880376,3.233463576,5.937285868,1.791887039,0.666605765,2.133829161,2.226332178,3.474902349,2.109368682
Pbof006k,4.846867683,5.485939447,8.188425813,3.931986049,6.125514145,2.244887802,1.099654588,2.168774669,2.018601329,4.059081149,2.589948981
Pbof007k,4.783514424,5.182601898,7.79773911,4.145979205,6.665069623,1.973207139,0.957174014,2.143161233,2.200537261,3.862705242,2.590926036
Pbof008k,4.742645242,5.223414781,7.099017322,3.623839262,6.195343358,1.762141989,0.859781517,2.200919651,2.19172367,3.882211569,2.378362234
Pbof009k,5.21163393,5.664092469,7.823603753,3.770033648,6.500751382,1.935124265,1.089839691,2.20618182,2.037589209,3.730464124,2.602463007
Pbof010k,4.989146729,5.137340101,8.283506907,3.920781254,6.610043574,1.923142137,1.17532222,2.246160063,2.127080477,3.823142212,2.752987207
Pbof024k,4.71143332,5.175391623,7.505269997,3.340143988,6.276534097,2.076127029,0.86623045,2.054726354,1.997171984,3.757709405,2.176637919
Pbom001k,4.984846057,5.865427336,8.196098639,4.790713236,6.838883614,2.384487557,1.11612385,2.04902657,2.272399685,4.341239499,2.818591872
Pbom002k,4.897548475,5.7007816,9.451560716,4.970898689,7.108953108,2.011608695,1.254348502,2.173219957,2.290347354,4.309631689,2.963824999
Pbom003k,5.459478583,6.4626825,8.896932229,4.944310662,7.371219468,2.244393219,1.159610482,2.149413734,2.249898527,4.703178322,2.784678751
Pbom004k,4.790563859,6.083984633,7.806398081,4.534751196,6.781644383,2.083888169,1.084505539,1.908088383,2.214838506,4.107128371,2.26216958
Pbom005k,5.704214098,5.667739192,7.557910291,4.733624551,7.000439603,2.300115261,1.172898702,2.194731402,2.354609074,4.301660315,2.731285114
Pbom018k,4.941797261,5.267552265,7.403128139,3.666884339,5.322676205,1.919546439,0.86855063,2.266368004,2.009309564,3.455297442,2.254066582
Pbom019k,4.50268394,5.263785008,7.52420777,3.76590634,5.407724325,1.991376914,0.785100808,2.088416295,2.119377573,3.403976615,2.158160154
Pbom020k,4.859370955,5.701672822,7.562649922,4.132617602,6.278044123,2.070661645,1.003130766,2.240449808,2.200294762,3.825415424,2.37495534
Pbom021k,4.502086866,4.696232472,7.513653174,3.739820595,5.946519125,2.038262381,1.028904769,2.210804279,2.333524036,3.52303532,2.118365985
Pbom023k,5.102922037,5.147088712,7.614275591,4.00695609,6.401901729,2.021529591,0.864681474,2.272141347,2.342003866,3.803599751,2.165629827
Phaf006k,6.647382956,7.421870723,10.35722835,9.337889903,8.597799221,3.24726197,2.027939556,2.641154838,2.897916316,7.787330514,3.960965357
Phaf007k,6.817642555,7.390525962,10.25199887,8.78736488,7.935208292,3.554403929,1.885483315,2.741765082,2.986265212,6.889857852,3.707120458
Phaf008k,7.143312393,6.508790763,10.3459784,8.696314584,8.321392488,3.488712432,1.794206364,2.397193443,2.920190697,7.306799145,4.261030032
Phaf009k,6.658559013,6.538576736,9.93345865,7.749236169,7.452232808,2.825116366,1.759889218,2.374790936,2.780173048,6.398536476,3.389755157
Phaf010k,6.715885655,7.231766866,10.26667558,9.428878764,8.439188464,3.337925233,1.887615307,2.911979762,2.709895058,7.190436652,4.203811632
Pham001k,6.558506575,9.159055546,11.71151099,12.65194845,10.34304219,3.987244314,2.336105843,2.768091357,3.068168906,10.8198498,4.492785734
Pham002k,6.735750894,8.61578192,10.6907502,12.08934881,9.021915975,4.081413837,2.093482744,2.450282633,3.116212539,9.160558788,3.710716982
Pham003k,6.819915379,9.050055804,11.03688288,11.74758856,9.736053911,3.60559643,2.263884708,2.493694347,2.986200737,9.171168711,4.426983348
Pham004k,7.13994324,8.148998116,11.38663655,10.82038305,9.78911354,3.497017981,2.56232131,2.776781603,3.202592887,8.51942586,4.138564976
Pham005k,7.038766518,9.80450018,11.81639305,14.70140492,11.02222776,4.531079185,2.407612103,2.678305995,3.508851944,10.54649561,5.19287469
Pham011k,6.758910684,6.963565409,10.38909462,9.181158473,7.978149674,3.056708545,1.968906976,2.482926453,3.038760315,7.739016931,4.192052764
Poaf001k,9.654825085,10.45137515,11.94171349,8.626109253,10.84006634,2.830817645,2.288586664,4.34521541,3.639718451,7.705193291,5.646565069
Poaf002k,9.443011442,9.263722638,11.76413743,9.075401581,10.29862223,2.700138391,2.328575242,3.693200719,3.204002429,7.728248111,5.309280421
Poaf005k,10.24875096,9.452849249,12.18263099,7.024487224,10.05971605,2.575990847,2.782265714,3.2114821,3.688214654,7.676142262,4.582683437
Poaf017k,9.026716402,10.09918491,12.51574694,10.22029992,10.42915122,3.3029982,2.615231322,4.299495791,3.412677794,8.353830033,4.360184762
Poaf020k,9.573390033,9.708580996,11.67103049,7.615950434,11.43746847,2.998732086,2.542952201,3.639184732,3.558949684,7.217377657,5.04968679
Poaf023k,9.323218149,9.790240665,11.1824523,9.248597079,10.2708348,3.278269324,2.584281438,4.542051344,3.843915564,7.425564283,4.752367323
Poaf024k,9.557670794,9.917566839,11.67368957,8.72032699,10.09314245,2.721933463,2.635321937,3.983252596,3.245032345,7.401437214,5.350635976
Poaf034k,9.475011736,9.467700987,12.57093111,7.645335128,9.066818052,3.474406496,2.501635265,3.52822521,3.35133337,6.920990226,4.69246181
Poam004k,9.892642763,11.39865349,12.53311218,10.43695344,13.47658442,3.840240386,2.908781698,5.210777884,3.563966646,9.244810157,5.909645002
Poam009k,9.896787639,12.64009233,12.52488636,13.2782691,13.39393433,3.648938405,2.937698944,4.620671009,3.555488904,10.23804239,6.040989995
Poam010k,9.850473051,9.53870755,12.51573917,8.832843504,9.969750808,2.853111859,1.818595162,3.952694127,3.238959088,7.557180238,5.429393867
Poam011k,10.79776364,12.00158234,13.46357562,12.72655369,13.38140499,3.704764167,3.024155243,4.520461856,3.905847608,8.904626589,6.297858288
Poam019k,9.461279869,10.2281309,12.1898039,9.616010588,10.70582868,3.061306565,2.350856701,3.997015013,3.741622571,8.111464969,5.932634986
Poam022k,10.18569162,12.02327841,13.40351558,10.52930765,14.07781748,3.294967806,2.796245529,4.594324429,4.374609517,8.254024551,6.237184173
Poam025k,9.485065583,10.03746447,12.19211093,8.312443279,10.84120485,3.092625738,2.563770119,4.228499362,3.093099731,9.061923558,5.532987252
Poam029k,10.12651635,11.42699806,13.73585428,10.41421016,11.94613031,4.074759129,3.239793829,4.152159332,3.917532906,8.413146657,5.314745176
Poam030k,9.994899634,11.83336474,12.90699611,10.33521649,12.29202496,4.122652553,3.172238337,4.25634046,3.141291639,9.212473048,6.498408235
Poam031k,9.916393218,12.20971287,12.80617301,12.04700291,13.47828986,3.886290745,2.584347788,4.350408992,3.381762759,9.630332383,5.689201211
Poam032k,11.17376319,12.09289115,13.34098834,10.61608821,13.19944635,3.679221819,3.096001545,4.619977918,3.982485145,9.463864454,6.041783851
Popf009k,8.37815221,9.383712007,11.05486413,7.11633244,10.17055541,2.864765004,2.058072088,3.438032942,3.238805037,5.947454712,4.329373974
Popf010k,9.606221146,10.51133036,12.31839048,9.286865227,10.20917203,2.707360964,2.173142849,3.948544419,3.719064264,7.978967597,4.973178787
Popf011k,9.736784216,10.28704682,12.15185816,9.737609886,11.48048871,2.827544971,2.331683894,3.907748434,3.2538189,7.122169757,4.995287187
Popf018k,9.302739539,9.650394769,12.04004369,9.113037561,10.89415682,2.763168786,2.782855139,3.96408038,2.964898027,7.628087974,5.050091702
Popf019k,9.113057137,10.3213807,12.37676743,8.860606284,10.08753455,3.547440818,2.423263911,4.132177341,3.174853319,8.193921589,4.710958426
Popf020k,8.671100274,10.93338164,12.12613395,8.879579181,10.86283147,2.867131926,2.103259719,3.761100303,3.14351439,7.077512303,5.765650522
Popf022k,8.770222606,9.474166886,12.5509402,9.12036272,9.938089997,2.348680661,2.18988886,3.69596066,3.078459811,7.67246515,5.457810973
Popf023k,9.296486815,9.717157604,12.02432702,8.810846479,10.58314948,3.252583651,1.881208272,3.816133948,2.995384331,7.89535599,4.884000934
Popf028k,9.154712916,10.38391815,12.00836684,7.824320276,10.58904747,2.792248743,2.236028049,3.643759034,3.559386473,7.731532023,4.774031918
Popf030k,8.807147687,10.16046543,13.55048416,10.11902372,10.94181409,4.107187966,2.378394074,5.112483912,3.812975059,9.104004938,5.213472073
Popf031k,9.647135893,10.34986991,11.81677833,9.525712848,11.09186693,3.326498042,2.368474281,4.531044997,3.344242881,8.334954934,5.202683953
Popf039k,9.130000878,9.972674772,11.87415056,9.725579527,10.18910029,2.852837861,2.168529795,4.298828092,3.279216037,7.53172808,5.1578537
Popf040k,9.067791375,9.762940891,11.82140725,8.150514104,10.32822545,3.376435474,1.82786734,4.493334216,3.534913051,6.943237175,5.43372772
Popf042k,8.797249957,9.973231344,11.20427672,9.029412479,9.99129469,3.227094159,1.920153836,4.128141891,3.468128534,7.83529327,5.193161845
Popf051k,9.035940499,10.31701305,12.439849,9.259568388,11.34683475,3.300227852,2.309677879,4.010115473,3.291818906,8.008334492,6.075425239
Popf054k,8.494074783,8.922756381,11.52641684,8.820205498,10.67530231,2.64050511,2.132378796,3.754750769,3.458836676,7.213572953,4.739825031
Popf055k,10.23164741,8.889835294,11.29445581,9.164803827,10.79914301,2.719652549,2.137092474,3.959444352,3.252038141,7.130444822,4.909807331
Popf077k,8.718489647,9.168987008,11.03969777,8.579914363,10.13661515,3.059738965,2.568129488,3.908297135,3.423824666,7.374733196,4.475856129
Popf080k,9.39859264,10.05553371,11.9880338,8.423145734,9.518245553,2.908210327,1.993438301,3.608508675,3.42434302,7.244488014,4.543097582
Popf083k,9.066704505,9.334936801,11.55535329,8.871107198,10.3997183,3.237842372,2.487484456,4.047982101,3.437289551,8.034056623,5.243664721
Popf084k,9.159986408,10.45996104,12.08802249,8.397652866,10.21853697,2.814897276,2.193165677,3.903733154,3.30979887,7.957066714,5.359622054
Popm015k,10.10935386,11.63022966,13.23890279,10.12572822,11.90324159,3.144702847,2.840055933,3.904960945,3.389948635,8.855324869,5.782928571
Popm021k,10.03578625,13.21093475,12.97195621,10.065941,12.09658852,3.392845456,2.352064694,4.0552548,3.210071994,8.825402066,5.806880148
Popm025k,9.912629297,12.55327048,13.09065873,10.79750191,13.8725513,4.274441633,2.919307622,4.265767366,3.929724044,9.67089621,6.442393348
Popm029k,11.07407949,12.19131832,13.73607254,12.83528899,12.78127145,3.636207546,3.130044616,3.959354882,3.857796339,9.991462781,6.083482271
Popm041k,9.761386193,10.88253721,12.20020535,10.7227736,12.56263062,3.724110742,2.413036776,4.054546145,3.578876279,9.316692354,6.211319763
Popm045k,9.199764741,12.30989738,13.44904458,10.83481281,12.31052401,3.021603961,2.411283189,4.318750495,3.485622745,8.883749875,6.497633516
Popm046k,10.11510626,13.80277863,13.1151689,10.80874737,12.18359115,3.589450855,2.659710239,3.833050595,3.507015001,8.931599392,5.571333891
Popm048k,10.35365772,13.82335286,13.14332398,11.1623961,12.44297211,3.302434886,2.783241265,4.217728718,3.460777521,8.334482498,6.389490005
Popm049k,9.215000084,11.25239876,14.5468072,10.21683662,11.19696869,3.352846745,2.395502115,3.696610786,3.082138675,8.58942208,5.477699075
Popm053k,10.81404384,12.22350892,13.13931515,11.78962911,13.28789927,3.882771813,2.390263092,4.52300207,4.049616028,9.180895256,6.029946604
Popm057k,9.341118798,11.8970218,12.5754419,10.85088009,12.33555093,3.777767338,2.204167226,4.252364311,3.590561607,8.920299425,5.534983136
Popm062k,9.90748574,11.38047684,13.61953472,9.750808522,12.07096472,3.868345022,2.645353364,4.693953536,3.784781041,8.637315336,5.372867668
Popm066k,10.13361415,12.49903886,14.91515222,13.4436358,12.62786715,4.408397269,2.417835806,4.810133955,3.967495399,10.81451551,6.326218571
Popm081k,9.735365403,9.857038008,12.24325637,9.192039177,10.3533138,3.150899442,1.916919956,4.135115001,3.288637519,7.444208853,5.394095589
Popm082k,9.707923739,10.96545428,12.9428483,9.487353522,11.51404209,3.158875138,2.25081933,4.689952149,3.558663518,7.821960225,5.399166036
Popm086k,9.699372475,10.8850001,13.68296754,11.44780468,12.33998231,4.088422308,2.557008642,4.757793809,3.691872972,8.458723953,5.601531426
Popm087k,9.412701638,11.07140867,13.10462159,9.97641394,13.226256,3.560991826,2.347930178,4.615911158,3.809555368,7.88535428,4.62135383
Ppnf005k,9.078539813,9.994296073,13.5241582,7.209105915,9.856576048,2.610778392,2.068706562,3.269120151,3.437541068,5.94073283,4.368135658
Ppnf007k,8.53105612,9.721084244,11.60692308,7.115596774,8.218586953,2.123147661,1.89277265,2.719898464,3.347848739,6.216095332,4.596614316
Ppnf011k,9.082873346,9.500173548,12.95243238,6.805890996,8.727785771,2.336431804,2.305535738,3.097084442,3.484391818,5.282121022,4.023110232
Ppnf012k,8.73627518,8.937504487,13.78698871,7.492642779,10.41655641,2.455094768,1.914853632,2.939382911,3.608660149,5.86852413,4.577074917
Ppnf015k,8.331073984,9.128302578,12.57391073,6.867062733,9.29445474,2.190803862,2.2480033,3.056966353,3.227162168,5.705354808,4.275745867
Ppnf017k,9.140908822,8.909483648,11.29829274,7.872053793,9.22396166,2.317456574,1.893568803,3.171356829,3.206049763,5.389315438,4.287004469
Ppnf018k,8.160913613,8.690255935,11.62726624,7.932454778,8.404234514,2.528407577,2.088231821,3.551646153,3.065211818,5.810803633,4.065655221
Ppnf019k,8.972772624,9.698751723,12.35356355,8.125733361,9.101037424,2.651938545,2.291456821,3.14331611,3.501855882,5.393480402,4.631581092
Ppnf033k,8.1116797,8.656262646,12.22904562,6.642818322,8.894002414,2.554489459,2.343762371,3.18081521,2.981159913,5.308009722,4.176277862
Ppnf034k,8.957335277,8.6797297,11.73059762,7.952214058,8.666640877,2.363976112,1.866305938,3.112943243,3.259542492,6.29005884,4.047033176
Ppnf035k,8.317051322,8.562951074,12.29159,8.44236161,9.339998545,2.341910329,2.001226088,2.944804688,3.556100419,6.348570092,4.525943599
Ppnf036k,9.044975261,9.136604611,12.69803441,7.516380709,9.217516811,2.448678545,1.851092172,3.192421367,3.471687283,5.903452339,4.084078048
Ppnf038k,8.615172304,9.042398114,11.68002276,7.599188627,8.789534075,2.138942779,2.111232185,3.029178718,3.247950809,5.457771949,4.105830734
Ppnf040k,8.492408952,8.75701663,12.22906181,6.959482767,8.841975977,2.157372175,1.799716136,3.333327493,3.449776615,5.630624997,4.206079067
Ppnf044k,8.070847084,8.689492132,11.75140732,8.362424953,9.002939522,2.504639366,1.737259317,2.991044531,3.333447081,5.811584521,4.226653363
Ppnf054k,8.389472063,9.346165853,12.49621269,6.890382668,9.134826376,2.37545492,2.260678248,3.100689061,3.172284546,5.68958002,4.398980293
Ppnf056k,8.585178115,9.370511038,12.90847972,7.380172867,9.693873156,2.142724844,2.098967688,3.213108306,3.314313512,5.245749108,4.25150122
Ppnf057k,8.937278751,8.592403301,13.0064051,7.748483993,9.684962978,2.309181188,1.898230987,3.028117419,3.364721968,6.13821348,4.006531197
Ppnf061k,8.173508494,8.977947663,13.02773828,8.390902731,9.291058265,2.604099036,2.274225334,3.126916789,3.15429227,6.091133819,4.686949848
Ppnf062k,8.39143646,8.297536277,11.89296128,7.148558801,8.693680726,2.129196325,2.094673908,2.88085064,3.191607113,5.722906244,3.767558035
Ppnf064k,8.498624624,8.909582151,11.43129782,8.349441235,9.016130227,2.133750631,2.229780044,2.959179928,3.443273722,6.161120475,4.348351278
Ppnf065k,9.126372257,9.275913767,12.12126106,7.222815779,9.564511659,2.350211098,2.101480332,2.874961526,3.280461956,5.760141831,4.343552514
Ppnf071k,8.771374021,8.200830788,13.15033828,7.403308017,8.746389657,2.057688765,1.949062498,3.109096545,3.470675448,5.363533793,4.153860857
Ppnf074k,8.482301405,8.714543063,11.75462372,8.011496777,9.434853618,2.284223961,1.939366848,3.363482687,3.336556266,5.450026128,4.173157613
Ppnm008k,8.415485402,9.262473341,12.81824961,7.385601098,8.930510794,2.344688149,2.1038675,2.792879385,3.156241824,5.835161518,4.136293432
Ppnm009k,8.039741327,9.579401966,12.15793673,8.258698885,10.29491846,2.413167097,2.272561028,2.941233227,3.2659506,6.321149378,4.172225114
Ppnm013k,8.502248917,8.6733963,13.27919853,7.60179156,9.807591697,2.780459096,2.088631335,3.381434062,3.572157135,5.919318665,3.540906082
Ppnm014k,8.256879813,9.263605732,12.50858016,7.98253866,8.97784382,2.751663564,1.992355151,2.939875263,3.124968498,5.677517757,3.826687695
Ppnm016k,9.137354788,9.663339827,12.37192303,8.029772171,9.179666714,2.302786303,1.826627866,3.098469493,3.32551373,5.679930243,3.948997035
Ppnm020k,8.568470537,10.48382095,11.62567713,8.956857454,9.517908993,2.528523987,2.053204767,3.084181841,3.570672088,6.306959948,4.293868019
Ppnm021k,8.064427894,8.643740935,11.62141756,8.304608775,7.992041635,2.466154055,1.966281665,3.007476076,2.842406087,5.496570432,4.099411936
Ppnm032k,8.633342155,9.196368469,12.12975022,7.219606484,9.2173034,2.442968066,1.955368403,2.985876989,3.431413701,5.713515122,3.988123871
Ppnm037k,9.31217963,8.793347323,11.7529662,7.097583657,9.968631604,2.364716618,2.207351673,3.165002502,3.260541753,6.282987621,4.100149988
Ppnm039k,8.752030342,9.096693669,12.68216054,7.822548482,9.259604967,2.496720601,1.93892185,3.407721552,3.261792019,5.37235691,3.988911256
Ppnm041k,7.853042562,8.493453601,12.05372087,8.083694398,8.729500078,2.654198779,2.137590568,3.25434708,3.294080149,5.424042315,4.102273362
Ppnm042k,8.715246838,8.667219395,12.93443906,7.563601704,9.267504457,2.601439431,2.137580172,3.142743703,3.077286417,5.810780611,4.627289567
Ppnm043k,8.614366289,9.445599222,11.73208723,7.337630464,9.730557868,2.415352544,2.147391221,3.268779011,3.524052185,6.272020071,4.124458665
Ppnm053k,9.107526724,8.799719222,11.54717222,7.67747012,8.520642736,2.757770039,1.599650993,3.274469168,3.356974226,5.449470332,4.180463818
Ppnm058k,8.478750194,8.850363754,11.65420695,8.113026512,9.08859554,2.43095775,1.881350143,2.964196898,3.264114393,5.970945068,4.175331103
Ppnm059k,8.796239799,8.507389288,11.48680994,7.660593642,9.532849856,2.079520467,1.906817191,2.942139107,3.341370028,6.351588901,4.068592163
Ppnm066k,8.578135659,9.753904703,13.05435518,8.409275306,10.81610095,2.459567553,2.316122478,3.240059001,3.065994029,6.264090674,4.128162508
Ppnm072k,8.871069839,8.850539637,11.80027235,7.010208522,8.722122762,2.45897065,2.210366596,3.033475093,3.135805455,5.088884108,3.497657119
Ppnm073k,8.824030357,8.94333007,12.79425577,7.212323663,9.777387872,2.466531697,2.060405353,3.287473503,3.412415784,5.497719009,4.206002802
Ppnm076k,9.200349345,9.325914045,12.71009895,8.054296583,9.458828543,2.371457744,2.206771588,2.996796394,3.360096371,6.05866769,4.127724157
Ppnm077k,9.081839895,9.419867276,12.71969965,7.442629522,9.422232562,2.31715826,1.999286686,2.948787274,3.193246471,6.882988753,4.623081014
Ppnu067k,8.492122399,8.721079983,11.60671909,6.989805529,8.743941726,2.408722386,1.940256699,3.215852386,3.113477398,6.172812549,4.213348989
Ppnu068k,8.202234236,8.812944776,11.09158352,8.228688568,8.605354482,2.380579223,1.98137413,2.865225872,2.980550959,6.015943662,3.92377862
Ppnu069k,8.729672753,8.567739182,12.56837647,7.610889535,9.565058478,2.109347018,2.114112328,2.90143038,3.280619537,5.950668189,3.731533592
Ptsf017k,8.462437576,9.91506795,13.0909094,8.957349219,10.41840525,2.89600501,2.487982548,3.338248283,3.570048992,7.409641878,5.430388288
Ptsf026k,8.341585806,9.083786637,12.6442775,8.198511953,10.18680788,2.797159356,2.553367222,3.391792898,3.361950136,6.806344005,4.830266234
Ptsf027k,7.878955203,9.197175672,12.78060317,7.374035961,9.460248862,2.683373299,2.248408383,3.052350274,3.25566865,6.546248388,4.684090216
Ptsm001k,8.451231524,10.58502657,12.78037597,9.109162856,12.00726661,2.908130198,2.298562922,3.672445575,3.572845062,8.25210718,4.887117546
Ptsm004k,8.46429767,9.442695648,14.07221434,9.05894768,10.92446554,2.80139427,2.688951388,3.298980729,3.384222618,7.710439128,4.863464633
Ptsm005k,8.617813873,10.94156298,13.43764774,10.06986012,11.41492667,3.312202664,3.213413005,3.624853519,3.592850045,8.842623624,5.501683597
Ptsm014k,8.445100393,10.67187825,13.97518406,7.590947565,9.925569052,2.715676408,2.733070465,3.264996219,3.688452561,6.825998168,4.989860026
Ptsm016k,9.139482556,9.308774094,12.71447092,8.126914677,10.79013749,2.737153982,2.100121329,3.152878962,3.530801387,7.21488334,4.826079398
Ptsm018k,9.117815759,10.16062579,13.88103491,8.109517486,11.07657914,3.11572802,2.545580852,3.414950552,4.052686283,7.195488434,4.426661357
Ptsm019k,9.172027838,11.09040044,12.49602532,9.710827739,10.91307251,2.474537002,2.826662303,3.59291451,3.385505005,7.54939167,4.98966107
Ptsm031k,9.373701414,11.13421703,13.82052778,9.52815527,10.90408148,3.448134819,2.489540701,3.650283755,3.890486975,8.195209007,5.210343368
Pttf007k,8.362538295,9.114121525,12.58737059,7.677231927,8.936140781,2.171245999,2.757653025,3.66725974,3.258056487,6.073974485,4.100167843
Pttf009k,8.739046003,9.953402301,13.86784193,7.767481873,10.40220499,2.690290576,2.633997656,3.287284267,3.063890921,7.284384765,5.253265872
Pttf010k,8.647430287,10.59881693,13.27199059,7.852587358,10.52746933,2.346569931,2.302310444,3.957598474,3.327828649,7.050081189,4.660593217
Pttf011k,8.694798823,10.02857421,14.15459078,9.461012658,11.01856438,2.757350242,2.392517661,3.812768681,3.559807174,7.965889328,5.121939303
Pttf014k,8.794309341,9.816274097,12.44472963,8.437250653,10.88775972,2.61446642,2.757606245,3.861728701,4.103206098,6.894468103,5.199307071
Pttf015k,7.841490337,10.44883098,12.16494187,9.201477372,10.23746567,2.44822039,2.226125616,3.750024489,3.38229918,6.579534717,4.896830224
Pttf040k,9.190405406,9.031183294,12.74613699,8.7601784,9.561888302,2.751543276,2.708333314,3.889264291,3.412275811,7.527843106,4.765930599
Pttf041k,8.378638525,9.630932954,13.42986399,8.67070806,10.55240801,2.295092146,2.663047821,3.317597195,3.092855093,7.037965504,4.909809003
Pttf043k,9.31117986,9.641356242,12.7156045,8.501999426,10.46691232,2.406254683,2.514612321,3.54410421,3.548892317,6.78315322,5.751750422
Pttf045k,8.946355776,10.11936139,13.6103883,7.965755303,10.14013265,2.847302791,2.467556911,3.553089419,4.037255582,6.987481074,4.99168033
Pttf046k,8.826306154,9.708988541,13.76063955,9.196105637,10.56949474,2.790707022,2.705293056,3.341569345,3.371046676,7.682690411,5.349159033
Pttf047k,8.450290572,9.89540065,13.1847842,7.450111136,10.35631751,2.394841872,2.60685867,2.61439957,3.342253561,7.168096212,5.106069484
Pttf048k,8.34136769,9.783544332,12.99982398,7.83037023,10.29960421,2.542377242,2.688170332,3.630505574,3.762954848,8.065303801,4.920066557
Pttf049k,9.409318053,10.20031627,13.91321203,8.562461737,10.27232475,2.639357423,2.505457125,3.143644748,3.573153821,7.624764888,5.622743899
Pttf050k,9.361561953,9.166061474,13.57754614,8.416227306,10.74329661,2.640189858,2.546837356,3.204607932,3.352715403,7.078213358,5.57865152
Pttf051k,9.478278519,9.896076107,12.82149575,9.042723671,10.81791049,3.202441139,2.862719032,3.721064543,3.276868178,6.896136134,5.386120831
Pttf052k,8.789738249,10.46144913,14.40004989,7.184828589,10.50675252,2.479572384,2.423834431,3.692773695,3.594247884,7.147594096,4.936800531
Pttf053k,7.69286882,9.069219837,12.98870682,7.47148649,8.85641253,2.614101699,2.221872198,3.376728662,3.210363387,6.078936767,4.965558747
Pttf054k,8.80220268,10.14061993,13.08082161,8.485675097,10.03095726,2.634344383,2.313995687,3.250579927,3.383646503,6.579241765,5.196212513
Pttf055k,8.210007273,10.70517109,13.43692345,8.65711529,10.04223274,2.519294645,2.920858799,3.397247437,3.410500601,7.672237831,4.96867973
Pttf056k,8.234462708,10.15316923,13.32829206,8.714487072,10.00534316,2.66605313,2.359285274,3.74115182,3.876241778,7.851754975,4.562170988
Pttf057k,9.114140511,9.189785862,13.32097229,8.827561178,11.01400118,2.774648372,2.39535727,4.0825106,3.680623506,7.239092497,5.068712716
Pttf058k,8.5632984,9.348946641,13.17323563,8.107201883,10.2217268,2.302211892,1.975963979,3.110653671,3.217213305,7.19186745,5.556324306
Pttf071k,8.389526995,9.891449548,14.1553582,10.09504459,12.33275195,3.3762809,2.902522988,3.398433326,3.51827461,8.607056626,5.842927242
Pttf076k,8.085836712,9.21484445,12.50229197,7.926842701,9.065003689,2.205876616,2.096508016,3.238796706,3.256488907,6.405334108,4.418290942
Pttf077k,9.185199496,9.377450003,12.60603276,8.088905599,10.29750981,2.860952761,2.589098005,3.548773359,3.727540813,7.161992556,5.355423312
Pttf080k,8.534131875,9.049375942,12.4733563,9.182104927,10.2688152,2.469494959,2.416776302,3.32955999,3.19366449,7.695468052,4.60705705
Pttf083k,8.062352892,9.42477739,13.25155625,8.572471464,10.51810801,2.718855322,2.314243501,3.390129232,2.950031266,6.649682185,4.37336484
Pttf084k,9.535084507,10.067995,12.80981328,8.011258477,10.79738633,2.906404812,2.810051984,3.33937928,3.589876575,6.574836885,5.121970017
Pttf087k,10.01862368,10.58997971,14.51359417,7.908576188,10.20710442,3.007553367,2.530214999,3.4450764,3.854022394,6.738630349,5.050805026
Pttf088k,9.166529041,8.967766976,13.23580109,8.453172115,9.656046386,2.855818522,2.485875071,3.071503893,3.280721503,7.245499176,5.399382045
Pttf090k,8.630263695,9.808394696,13.39906209,7.709456197,10.68814536,2.887888038,2.027216434,3.405748622,3.496404942,7.031486379,5.10202554
Pttf091k,9.227791202,9.258023506,12.8392086,6.795589446,9.477914814,2.240022608,2.512712984,3.361735593,3.211850711,6.855620768,5.547083478
Pttf092k,10.07696149,9.549232527,14.74241945,8.419369966,11.13349277,2.551347777,2.004349218,3.413101821,4.002212312,6.837349596,4.764556559
Pttf102k,8.005498717,8.948123834,11.76627329,7.915060197,10.56462837,2.584332659,2.632367077,3.615209574,3.547691466,6.780169854,5.35537983
Pttf107k,10.22498168,9.695353714,12.87595237,7.974830004,10.47973319,2.970162378,2.658820235,3.992788698,3.631500545,7.240244622,4.925209023
Pttf108k,8.348866726,9.558249308,12.67473925,8.288744766,10.27389743,2.651094049,2.066562537,3.110803532,3.426319848,6.885698874,4.903291001
Pttf109k,8.74888584,9.724776913,12.76238273,7.732414059,9.553171653,2.947378903,2.569534218,3.367727065,3.371360328,6.383916873,4.589801732
Pttf110k,8.938248665,10.71527042,12.99393403,9.256089145,9.702663919,2.78021395,2.869435627,3.091228403,3.316702622,7.244879124,4.956494679
Pttf114k,8.362248014,10.05710673,13.06963605,8.657327835,10.24347252,2.729015818,3.173877524,3.66135529,3.574261592,7.498727444,5.030825913
Pttf115k,9.14938567,10.2627838,14.87608831,8.672807308,9.016905537,2.888772319,2.520547544,3.738205835,3.459774268,6.878036104,5.004813398
Pttf116k,8.636468881,9.444727284,12.70544429,9.691742574,10.3206568,3.031118444,2.259313367,3.341552351,3.476881655,7.630909317,5.261990221
Pttf117k,9.723138307,9.636759916,12.99503677,8.61075374,10.21810453,2.586593653,2.549580758,3.681866379,3.6930873,6.966947206,5.370652984
Pttf118k,8.31534561,9.378317401,12.21917874,7.791593676,10.34065952,2.965377234,2.241334786,3.25255715,3.223133792,7.313501427,4.354489338
Pttf134k,8.726215979,10.61982235,13.42273446,8.526851048,11.66931875,2.968971054,2.928545611,3.726798926,3.42631586,6.847219071,5.965279635
Pttf137k,8.298730298,10.26759056,11.85933611,8.526900715,10.47927512,2.39860815,2.100149881,3.691168804,3.548087731,7.851241354,4.714382989
Pttf139k,9.231381446,8.992240343,12.93921563,7.298151351,9.178413194,2.164146339,2.126308292,3.357613431,3.094530789,6.546790845,4.578134952
Pttf142k,8.540175028,9.553146594,12.77455536,7.58845111,10.53096911,2.53317754,2.025822291,3.642450906,3.538014674,6.857187897,4.937461484
Pttf145k,9.385090706,9.678393717,13.46075868,9.453774787,10.41301883,2.880562644,2.790829852,3.436104239,3.393756424,7.365892218,4.584740355
Pttf147k,8.878911201,10.52814042,12.32181567,7.97056724,10.74600602,3.01360854,2.656091382,3.532683946,3.503689023,7.339814164,5.249695978
Pttf148k,9.218630415,9.593250735,13.15118602,7.41407079,10.99445232,2.662313871,2.569331406,3.279188308,3.772605425,6.832073653,4.9470391
Pttm001k,7.809435513,10.83706952,13.41412911,8.462849216,11.72833462,2.909229309,2.688829789,3.256307083,3.48169131,7.561277767,5.322082011
Pttm004k,9.214588835,10.58315927,13.12378783,9.231309649,10.77436085,2.813793617,2.758487633,3.683635037,4.081710163,8.270721704,4.727602691
Pttm006k,8.785842803,10.72490035,13.99063433,8.441122118,10.94126497,2.723608014,2.630155679,3.076917888,3.461073142,7.849071987,5.169133421
Pttm008k,8.153095859,10.00160827,12.90452464,9.225574044,11.34491956,2.741510736,3.098198153,3.15294483,3.384891314,8.760906005,5.124429024
Pttm012k,8.792894734,12.17923421,13.99137106,10.419683,11.86918013,2.840405429,2.884872559,3.842476214,3.224782846,8.27918882,5.538894861
Pttm013k,8.765675917,10.57119135,12.39827966,9.246178038,12.02433744,3.352279259,3.016390343,3.264982874,3.562175387,8.246195226,4.441998283
Pttm016k,8.624395518,11.02564575,14.01251671,8.840307351,11.58752304,2.695639524,3.006435661,3.2268605,3.869283769,7.173822987,5.412412469
Pttm017k,9.241870609,10.22428621,13.4592979,9.021069748,10.98698784,2.419687765,2.940694015,3.61611515,3.798989406,7.02462075,4.701692097
Pttm019k,8.574659244,10.74540026,13.04775883,9.281088834,10.27447573,2.242367637,2.690031509,3.528134208,3.43163099,7.732681982,5.487762113
Pttm024k,8.504512416,9.859945812,13.21528176,8.916670144,10.03615883,2.587995183,2.565778329,3.13654005,3.715137751,7.496186598,4.403792587
Pttm027k,9.638482107,10.17867624,12.36446208,8.513260703,10.6693792,2.473393982,2.26327669,3.219979162,3.614114389,6.521093358,4.85048542
Pttm044k,9.136501827,10.42939406,13.99396341,8.527360161,10.01717915,3.1655922,2.4144887,3.438682758,3.509338429,7.433741018,5.174163097
Pttm078k,9.058097486,10.25909814,14.40549406,9.61502511,11.18346407,2.849322923,2.929693475,3.612604994,3.367740895,8.070795441,5.477962052
Pttm082k,9.701316829,10.4354963,13.11533497,7.373393861,10.87006713,3.084689027,2.660785403,3.182514393,3.662946352,7.142874138,5.026917634
Pttm086k,8.046117349,10.90090933,12.69749116,9.219448854,11.3100432,2.793473307,2.80881562,3.892262951,3.449089796,7.508774962,5.305925725
Pttm089k,8.962688043,9.879216388,13.53021531,8.683490743,10.80774466,3.055946274,2.726000898,3.360470429,3.634640544,7.444731182,4.628268524
Pttm119k,9.126678875,10.25849895,14.42435918,8.567931352,12.47582827,2.944707024,2.662853897,3.570442739,3.802022097,7.410627061,5.434875958
Pttm120k,9.444011518,10.31160664,14.11415,8.656839628,11.02123476,3.135390984,2.886838128,3.509090748,3.505087285,7.518204931,5.207695369
Pttm121k,8.639337391,9.337354313,14.17147906,7.56274168,11.23810964,2.825708587,2.479631038,3.128726738,3.457327521,7.318491657,4.474832344
Pttm122k,8.602870987,10.76536031,12.6259714,8.408004213,10.79038982,2.653771551,2.596910612,3.151651512,3.589243333,6.760722891,4.396663908
Pttm123k,8.979893133,9.957613173,13.53992084,8.984080966,10.70891761,2.545691453,2.35288764,2.974828976,3.459716335,6.932138176,5.131949692
Pttm124k,8.573236702,10.15392734,13.34468336,9.149467801,12.7732129,3.333540738,2.868558338,3.476119425,3.983348079,7.621962662,5.068494092
Pttm125k,8.762997321,10.0690145,13.78014708,9.044618583,11.1482989,3.160281229,2.749575416,3.549174337,3.490428943,8.345904854,5.549183206
Pttm126k,9.228944382,11.00450896,15.07013639,11.90048101,12.2598623,3.325563266,2.885856091,3.540488953,3.486413522,8.837821149,5.769150842
Pttm127k,9.360874743,10.25717707,15.14050799,8.951374417,10.88626949,2.979876931,2.603336927,3.535243319,3.395388016,8.054285647,4.668145822
Pttm128k,9.350908387,10.58554211,14.10541411,9.026347983,10.89262428,3.052062142,3.092073821,3.248089537,3.185047446,7.616790588,4.575316228
Pttm133k,9.687739226,9.884790631,14.13201054,8.920229604,11.52220651,2.864684118,2.768174496,3.522806044,3.350250885,7.79271122,5.301881179
Pttm141k,9.477059345,10.00442907,13.48251426,8.613830983,11.13846281,2.354144641,2.668405786,3.700687761,3.765182083,7.64761614,4.808776107
Pttm146k,8.478692103,10.74692428,13.26975568,8.292095147,10.90750757,3.425727239,2.644364819,3.697680573,3.573201393,7.039191643,5.144220984
Ptvf009k,8.98473729,9.396829976,13.56891424,8.161497773,10.02105498,2.660146214,2.772222327,3.393430774,3.389587034,7.453996702,4.686606368
Ptvf010k,9.067344414,10.56875851,13.28987348,7.697316795,9.556423086,2.922749534,2.729450532,3.473146854,3.486881708,6.841276414,4.499902802
Ptvf011k,8.388829006,10.44499059,12.80717535,8.712630428,9.985865021,2.995523698,2.052567698,3.332877655,3.333286196,6.513438214,4.849125511
Ptvf012k,7.795064575,9.485720127,13.11314633,7.166318613,10.10029963,2.47275649,2.42464975,3.204941456,3.324297723,6.426390807,4.259029007
Ptvf013k,8.687270038,9.957143615,13.30686053,8.274985742,9.757718036,3.264580371,2.579878804,3.510499939,3.157968471,7.378338596,4.868045082
Ptvf016k,8.697564558,10.77344199,12.55633309,8.748850074,9.80657155,2.726227502,2.306276982,3.258883812,3.154452676,6.847104322,4.750181133
Ptvf018k,8.612540068,10.44036051,13.01269575,9.042415809,10.41148977,2.967070914,2.710082332,3.415988057,3.268499671,7.611430716,5.350466184
Ptvf022k,8.157050656,9.394843577,13.20164265,7.635411675,10.14151628,2.759670111,2.224086596,3.361023905,3.662215157,6.585252241,5.083898195
Ptvf024k,9.173782305,10.34231787,13.76051568,8.701464797,9.901982184,3.19058708,2.465250373,4.406203589,3.747089323,6.890260885,5.0386983
Ptvf026k,8.229275299,9.326589118,12.19599346,8.114507184,9.532139101,3.068191605,2.182923907,3.64754006,3.224488651,6.784435221,4.30909648
Ptvf027k,8.665753925,10.45620164,12.38723772,7.494166309,10.26541282,2.924994162,2.290896911,3.622158383,3.419918588,6.126358577,4.813254249
Ptvf028k,8.10687508,9.667771105,12.77639541,7.316481953,10.69412172,3.347834623,2.743250856,3.218358019,3.186598075,7.008551204,4.905741635
Ptvf029k,7.579650701,10.39894357,12.29031453,8.236918459,10.46864562,2.988424602,2.168922695,3.633836879,3.447654323,6.771823817,3.659734793
Ptvm004k,8.852384494,9.892249505,12.25344655,8.448198498,9.985185245,2.551773122,2.506783502,3.546102626,3.240511899,7.4372251,5.095477196
Ptvm005k,9.386251497,10.14503287,12.56523811,8.924248456,10.12500989,3.272882249,2.702241917,3.217010166,3.021164011,8.101252832,5.449040439
Ptvm007k,8.737012919,10.61161289,12.94102521,7.826375094,10.80536859,2.730445405,2.500443238,3.418820185,3.292344441,7.454068051,4.846068114
Ptvm008k,9.603291181,10.75542048,13.94733987,8.254914955,10.21288416,3.412951747,2.187716269,3.403922795,3.257761095,7.603110704,4.960395215
Ptvm014k,9.22007314,10.48837784,12.96705741,9.166344971,11.02798736,2.949632583,2.472012615,3.375857965,3.173715883,6.92006487,4.631646289
Ptvm019k,9.471437455,10.10478956,13.42826433,7.826157966,10.03142559,2.499619259,2.423118481,3.44029707,3.2358813,6.646049453,5.532816991
Ptvm020k,8.559134307,10.22148435,13.11028412,8.672189918,11.39789432,3.145515371,3.251910344,3.568954782,3.430596421,7.65646861,5.312598765
Ptvm021k,8.963832352,10.34119311,14.39747977,8.712989754,10.87712105,3.385215532,2.657953261,3.66551068,3.223369351,7.124235687,4.981943028
Ptvm023k,9.090427847,11.34519231,13.78222323,7.635741297,11.35193286,2.996988955,2.333077797,3.373798046,3.544977986,7.719458682,4.57703848
Ptvm025k,9.430186217,10.89115007,13.37441341,9.156811869,10.96319687,3.228075859,2.740220855,3.336199959,3.501563184,7.599554277,5.516707202
